{
	"meta": {
		"format": 3,
		"version": "7.10.2",
		"timestamp": "2025-08-10T16:14:32.496916",
		"branch_coverage": false,
		"show_contexts": false
	},
	"files": {
		"verifflowcc/__init__.py": {
			"executed_lines": [1, 3],
			"summary": {
				"covered_lines": 1,
				"num_statements": 1,
				"percent_covered": 100.0,
				"percent_covered_display": "100",
				"missing_lines": 0,
				"excluded_lines": 0
			},
			"missing_lines": [],
			"excluded_lines": [],
			"functions": {
				"": {
					"executed_lines": [1, 3],
					"summary": {
						"covered_lines": 1,
						"num_statements": 1,
						"percent_covered": 100.0,
						"percent_covered_display": "100",
						"missing_lines": 0,
						"excluded_lines": 0
					},
					"missing_lines": [],
					"excluded_lines": []
				}
			},
			"classes": {
				"": {
					"executed_lines": [1, 3],
					"summary": {
						"covered_lines": 1,
						"num_statements": 1,
						"percent_covered": 100.0,
						"percent_covered_display": "100",
						"missing_lines": 0,
						"excluded_lines": 0
					},
					"missing_lines": [],
					"excluded_lines": []
				}
			}
		},
		"verifflowcc/cli.py": {
			"executed_lines": [
				1, 3, 4, 5, 6, 7, 8, 10, 11, 12, 13, 14, 15, 16, 19, 26, 29, 30, 33, 40,
				43, 44, 58, 63, 64, 78, 79, 82, 83, 84, 87, 88, 89, 90, 93, 142, 143,
				146, 154, 155, 158, 172, 173, 176, 200, 201, 203, 219, 220, 233, 235,
				236, 237, 240, 241, 246, 247, 248, 249, 250, 251, 252, 253, 255, 256,
				257, 260, 261, 262, 263, 264, 279, 280, 281, 283, 284, 286, 287, 289,
				299, 300, 315, 317, 318, 319, 322, 323, 324, 326, 329, 330, 332, 333,
				337, 338, 341, 342, 344, 345, 347, 357, 359, 361, 362, 365, 367, 369,
				374, 375, 377, 378, 381, 382, 383, 384, 386, 387, 388, 393, 403, 404,
				417, 419, 420, 421, 424, 425, 426, 428, 429, 432, 433, 434, 436, 437,
				438, 440, 441, 443, 444, 446, 449, 450, 464, 466, 467, 468, 470, 472,
				474, 475, 501, 502, 523, 524, 526, 528, 533, 538, 539, 542, 549, 550,
				551, 554, 555, 556, 558, 564, 565, 567, 569, 573, 574, 576, 580, 581,
				582, 584, 585, 586, 587, 589, 592, 593, 597, 599, 603, 605, 609, 614,
				615, 617, 618, 620, 626, 637, 640, 644, 645, 647, 650
			],
			"summary": {
				"covered_lines": 200,
				"num_statements": 234,
				"percent_covered": 85.47008547008546,
				"percent_covered_display": "85",
				"missing_lines": 34,
				"excluded_lines": 0
			},
			"missing_lines": [
				35, 36, 59, 60, 242, 243, 267, 268, 269, 271, 276, 334, 335, 364, 385,
				389, 390, 391, 487, 498, 529, 530, 570, 571, 577, 578, 600, 601, 606,
				607, 610, 611, 629, 651
			],
			"excluded_lines": [],
			"functions": {
				"handle_keyboard_interrupt": {
					"executed_lines": [],
					"summary": {
						"covered_lines": 0,
						"num_statements": 2,
						"percent_covered": 0.0,
						"percent_covered_display": "0",
						"missing_lines": 2,
						"excluded_lines": 0
					},
					"missing_lines": [35, 36],
					"excluded_lines": []
				},
				"main": {
					"executed_lines": [58],
					"summary": {
						"covered_lines": 1,
						"num_statements": 3,
						"percent_covered": 33.333333333333336,
						"percent_covered_display": "33",
						"missing_lines": 2,
						"excluded_lines": 0
					},
					"missing_lines": [59, 60],
					"excluded_lines": []
				},
				"init": {
					"executed_lines": [
						78, 79, 82, 83, 84, 87, 88, 89, 90, 93, 142, 143, 146, 154, 155,
						158, 172, 173, 176, 200, 201, 203
					],
					"summary": {
						"covered_lines": 22,
						"num_statements": 22,
						"percent_covered": 100.0,
						"percent_covered_display": "100",
						"missing_lines": 0,
						"excluded_lines": 0
					},
					"missing_lines": [],
					"excluded_lines": []
				},
				"plan": {
					"executed_lines": [
						233, 235, 236, 237, 240, 241, 246, 247, 248, 249, 250, 251, 252,
						253, 255, 256, 257, 260, 261, 262, 263, 264, 279, 280, 281, 283,
						284, 286, 287, 289
					],
					"summary": {
						"covered_lines": 30,
						"num_statements": 37,
						"percent_covered": 81.08108108108108,
						"percent_covered_display": "81",
						"missing_lines": 7,
						"excluded_lines": 0
					},
					"missing_lines": [242, 243, 267, 268, 269, 271, 276],
					"excluded_lines": []
				},
				"sprint": {
					"executed_lines": [
						315, 317, 318, 319, 322, 323, 324, 326, 329, 330, 332, 333, 337,
						338, 341, 342, 344, 345, 347, 357, 359, 361, 362, 365, 367, 369,
						374, 375, 377, 378, 381, 382, 383, 384, 386, 387, 388, 393
					],
					"summary": {
						"covered_lines": 38,
						"num_statements": 45,
						"percent_covered": 84.44444444444444,
						"percent_covered_display": "84",
						"missing_lines": 7,
						"excluded_lines": 0
					},
					"missing_lines": [334, 335, 364, 385, 389, 390, 391],
					"excluded_lines": []
				},
				"status": {
					"executed_lines": [
						417, 419, 420, 421, 424, 425, 426, 428, 429, 432, 433, 434, 436,
						437, 438, 440, 441, 443, 444, 446
					],
					"summary": {
						"covered_lines": 20,
						"num_statements": 20,
						"percent_covered": 100.0,
						"percent_covered_display": "100",
						"missing_lines": 0,
						"excluded_lines": 0
					},
					"missing_lines": [],
					"excluded_lines": []
				},
				"validate": {
					"executed_lines": [464, 466, 467, 468, 470, 472, 474, 475],
					"summary": {
						"covered_lines": 8,
						"num_statements": 10,
						"percent_covered": 80.0,
						"percent_covered_display": "80",
						"missing_lines": 2,
						"excluded_lines": 0
					},
					"missing_lines": [487, 498],
					"excluded_lines": []
				},
				"checkpoint": {
					"executed_lines": [
						523, 524, 526, 528, 533, 538, 539, 542, 549, 550, 551, 554, 555,
						556, 558
					],
					"summary": {
						"covered_lines": 15,
						"num_statements": 17,
						"percent_covered": 88.23529411764706,
						"percent_covered_display": "88",
						"missing_lines": 2,
						"excluded_lines": 0
					},
					"missing_lines": [529, 530],
					"excluded_lines": []
				},
				"checkpoint_list": {
					"executed_lines": [
						567, 569, 573, 574, 576, 580, 581, 582, 584, 585, 586, 587, 589
					],
					"summary": {
						"covered_lines": 13,
						"num_statements": 17,
						"percent_covered": 76.47058823529412,
						"percent_covered_display": "76",
						"missing_lines": 4,
						"excluded_lines": 0
					},
					"missing_lines": [570, 571, 577, 578],
					"excluded_lines": []
				},
				"checkpoint_restore": {
					"executed_lines": [597, 599, 603, 605, 609, 614, 615, 617, 618, 620],
					"summary": {
						"covered_lines": 10,
						"num_statements": 16,
						"percent_covered": 62.5,
						"percent_covered_display": "62",
						"missing_lines": 6,
						"excluded_lines": 0
					},
					"missing_lines": [600, 601, 606, 607, 610, 611],
					"excluded_lines": []
				},
				"run_validation": {
					"executed_lines": [],
					"summary": {
						"covered_lines": 0,
						"num_statements": 1,
						"percent_covered": 0.0,
						"percent_covered_display": "0",
						"missing_lines": 1,
						"excluded_lines": 0
					},
					"missing_lines": [629],
					"excluded_lines": []
				},
				"simulate_stage_execution": {
					"executed_lines": [640],
					"summary": {
						"covered_lines": 1,
						"num_statements": 1,
						"percent_covered": 100.0,
						"percent_covered_display": "100",
						"missing_lines": 0,
						"excluded_lines": 0
					},
					"missing_lines": [],
					"excluded_lines": []
				},
				"": {
					"executed_lines": [
						1, 3, 4, 5, 6, 7, 8, 10, 11, 12, 13, 14, 15, 16, 19, 26, 29, 30, 33,
						40, 43, 44, 63, 64, 219, 220, 299, 300, 403, 404, 449, 450, 501,
						502, 564, 565, 592, 593, 626, 637, 644, 645, 647, 650
					],
					"summary": {
						"covered_lines": 42,
						"num_statements": 43,
						"percent_covered": 97.67441860465117,
						"percent_covered_display": "98",
						"missing_lines": 1,
						"excluded_lines": 0
					},
					"missing_lines": [651],
					"excluded_lines": []
				}
			},